rgn_id,year,pressure_score
1,2012,0.00109682909798719
1,2013,0.00365397466374502
1,2014,0.00274778632740996
1,2015,0.125040959262466
1,2016,0.237236608046738
1,2017,0.310884059729423
