rgn_id,year,pressure_score
1,2012,0.112395199987221
1,2013,0.112395199987221
1,2014,0.112395199987221
1,2015,0.112395199987221
1,2016,0.112395199987221
