"region_id","year","pressure_score"
1,2014,0.174653027931058
1,2015,0.188352479778381
1,2016,0.289670894041758
1,2017,0.274286273755767
1,2018,0.244835450143205
1,2019,0.273919519367334
