"region_id","year","pressure_score"
1,2014,0.21378652633976
1,2015,0.247162171244951
1,2016,0.383932159949109
1,2017,0.451855675663862
